seed,q_x,q_y,label,w0,w1,w2,w3,pred
1,0.617624,0.552609,0,0.830933,0.091114,0.007703,0.070249,0
1,1.087371,1.434917,0,0.984086,0.003165,0.000041,0.012708,0
1,1.698967,1.091366,0,0.986348,0.012535,0.000014,0.001103,0
1,1.299359,0.650619,0,0.925900,0.068600,0.000379,0.005121,0
1,0.936002,1.185984,0,0.968458,0.008430,0.000199,0.022913,0
1,0.947015,1.537749,0,0.975782,0.002080,0.000047,0.022091,0
1,0.813175,1.258697,0,0.956545,0.006225,0.000241,0.036989,0
1,0.861655,1.259051,0,0.962873,0.006257,0.000199,0.030671,0
1,0.578039,1.301563,0,0.904918,0.004961,0.000491,0.089630,0
1,0.944571,0.578307,0,0.889628,0.088021,0.002012,0.020339,0
1,0.952970,1.695875,0,0.977265,0.001107,0.000024,0.021604,0
1,1.569017,0.894645,0,0.971016,0.027106,0.000051,0.001826,0
1,1.065789,1.259549,0,0.979763,0.006354,0.000089,0.013793,0
1,1.513819,1.061945,0,0.983599,0.014061,0.000033,0.002307,0
1,0.975868,1.215413,0,0.972701,0.007526,0.000152,0.019621,0
1,0.999290,0.731982,0,0.932090,0.049874,0.000916,0.017120,0
1,0.892071,1.382073,0,0.968721,0.003849,0.000109,0.027322,0
1,0.468868,0.849900,0,0.839076,0.028014,0.004294,0.128616,0
1,0.640763,1.026204,0,0.913381,0.015064,0.001161,0.070394,0
1,0.775418,1.219791,0,0.949740,0.007221,0.000325,0.042714,0
1,1.207769,0.968016,0,0.971856,0.020229,0.000161,0.007753,0
1,0.386359,0.981002,0,0.808281,0.015973,0.003406,0.172341,0
1,1.123719,0.734347,0,0.939177,0.049780,0.000556,0.010487,0
1,1.687281,1.131021,0,0.988114,0.010716,0.000013,0.001158,0
1,1.304713,0.989821,0,0.975997,0.018619,0.000101,0.005284,0
1,0.630037,-0.900000,1,0.024617,0.900926,0.072477,0.001980,1
1,1.331504,-0.905909,1,0.025866,0.969294,0.004714,0.000126,1
1,0.901593,-0.922857,1,0.023687,0.949881,0.025789,0.000643,1
1,0.579855,-0.797788,1,0.035964,0.874509,0.085991,0.003536,1
1,1.290011,-0.406225,1,0.163591,0.830700,0.004769,0.000939,1
1,0.695211,-1.276865,1,0.005664,0.935968,0.058017,0.000351,1
1,0.589324,-0.479926,1,0.116833,0.796679,0.075426,0.011061,1
1,1.267347,-0.577206,1,0.089830,0.903923,0.005682,0.000565,1
1,1.077499,-1.426999,1,0.003264,0.983480,0.013212,0.000044,1
1,0.584948,-0.999081,1,0.016465,0.895654,0.086294,0.001586,1
1,1.004507,-1.291460,1,0.005576,0.976754,0.017570,0.000100,1
1,-0.022199,-1.738623,1,0.000456,0.477360,0.521686,0.000498,0
1,1.198699,-0.911702,1,0.025203,0.966592,0.007996,0.000208,1
1,1.154424,-1.148482,1,0.009914,0.980307,0.009681,0.000098,1
1,0.844621,-0.458040,1,0.133431,0.833594,0.028425,0.004550,1
1,1.161000,-0.893437,1,0.027025,0.963447,0.009268,0.000260,1
1,0.943324,-0.711504,1,0.053655,0.923885,0.021227,0.001233,1
1,0.882274,-0.996644,1,0.017706,0.953799,0.027976,0.000519,1
1,0.982714,-0.777582,1,0.041862,0.938889,0.018427,0.000822,1
1,1.052493,-1.448890,1,0.002987,0.982383,0.014585,0.000044,1
1,1.166853,-1.132032,1,0.010586,0.980105,0.009210,0.000099,1
1,1.151325,-0.834262,1,0.033982,0.956118,0.009560,0.000340,1
1,0.627287,-1.232527,1,0.006634,0.918146,0.074680,0.000540,1
1,1.232075,-1.301137,1,0.005422,0.987391,0.007148,0.000039,1
1,0.811458,-0.856223,1,0.030345,0.932178,0.036295,0.001182,1
1,-0.779601,-0.615513,0,0.003327,0.039027,0.882411,0.075234,0
1,-0.571197,-0.474178,0,0.012055,0.080335,0.789184,0.118426,0
1,-1.143926,-1.242898,0,0.000070,0.010124,0.982992,0.006814,0
1,-1.168817,-1.114536,0,0.000106,0.009131,0.979418,0.011345,0
1,-1.065250,-1.051033,0,0.000205,0.013707,0.971579,0.014509,0
1,-1.004771,-1.350811,0,0.000079,0.017573,0.977945,0.004403,0
1,-0.872233,-0.444640,0,0.004281,0.025348,0.830171,0.140200,0
1,-0.938763,-1.097543,0,0.000280,0.022584,0.965169,0.011967,0
1,-0.973846,-1.181114,0,0.000175,0.019755,0.971448,0.008622,0
1,-0.939625,-0.430876,0,0.003450,0.019337,0.829243,0.147970,0
1,-0.908239,-0.454663,0,0.003596,0.022161,0.838243,0.136000,0
1,-0.786780,-0.864669,0,0.001257,0.039948,0.929541,0.029254,0
1,-1.124936,-0.786025,0,0.000454,0.010536,0.948140,0.040870,0
1,-0.707003,-1.137237,0,0.000584,0.055245,0.934288,0.009883,0
1,-0.986598,-0.655772,0,0.001283,0.017675,0.914658,0.066384,0
1,-1.103057,-1.375360,0,0.000049,0.011934,0.984002,0.004016,0
1,-1.069467,-1.140547,0,0.000141,0.013541,0.976128,0.010190,0
1,-1.153943,-0.412380,0,0.001579,0.008218,0.830607,0.159595,0
1,-0.932357,-1.112678,0,0.000270,0.023173,0.965291,0.011265,0
1,-0.726059,-0.965700,0,0.001069,0.050876,0.928548,0.019508,0
1,-1.278817,-0.110296,0,0.002336,0.003632,0.604909,0.389122,0
1,-0.730049,-0.779135,0,0.002171,0.048993,0.908577,0.040259,0
1,-1.245921,-1.101878,0,0.000082,0.006720,0.981241,0.011957,0
1,-1.073797,-1.490018,0,0.000035,0.013416,0.984011,0.002538,0
1,-1.528349,-0.814999,0,0.000082,0.002127,0.960904,0.036888,0
1,-1.253188,1.343692,1,0.006578,0.000030,0.004580,0.988811,1
1,-0.670426,1.023777,1,0.063012,0.001049,0.015332,0.920607,1
1,-1.048191,0.314004,1,0.011581,0.003298,0.218362,0.766758,1
1,-0.607020,0.630769,1,0.075037,0.006019,0.068237,0.850706,1
1,-0.780408,1.316441,1,0.042007,0.000217,0.004922,0.952854,1
1,-1.542938,1.097754,1,0.002058,0.000025,0.012211,0.985706,1
1,-1.256142,0.806413,1,0.006282,0.000250,0.037962,0.955506,1
1,-0.902567,0.661445,1,0.024588,0.001745,0.064505,0.909162,1
1,-1.297002,0.973846,1,0.005441,0.000111,0.019820,0.974628,1
1,-1.536705,0.689631,1,0.002008,0.000127,0.059480,0.938385,1
1,-1.167665,0.749590,1,0.008838,0.000441,0.047059,0.943662,1
1,-1.866162,1.095948,1,0.000566,0.000007,0.012317,0.987110,1
1,-0.869840,1.360372,1,0.029776,0.000129,0.004185,0.965909,1
1,-0.412441,1.033222,1,0.158598,0.002543,0.013240,0.825619,1
1,-0.942624,0.558363,1,0.020342,0.002180,0.094607,0.882872,1
1,-1.314243,1.307788,1,0.005156,0.000028,0.005291,0.989525,1
1,-0.593278,0.709412,1,0.080530,0.004716,0.050607,0.864147,1
1,-1.072000,1.140482,1,0.013406,0.000140,0.010194,0.976260,1
1,-0.428314,0.297790,1,0.117145,0.035597,0.197455,0.649803,1
1,-1.183644,1.328107,1,0.008667,0.000043,0.004863,0.986427,1
1,-0.678093,0.963672,1,0.060956,0.001291,0.019450,0.918303,1
1,-1.164561,1.334428,1,0.009349,0.000045,0.004739,0.985867,1
1,-1.027886,1.153199,1,0.015960,0.000158,0.009668,0.974213,1
1,-1.073629,1.129568,1,0.013314,0.000145,0.010645,0.975896,1
1,-1.100744,0.822428,1,0.011658,0.000434,0.035491,0.952416,1
2,0.912529,1.044844,0,0.959975,0.014695,0.000382,0.024948,0
2,0.836883,1.006552,0,0.949090,0.016934,0.000596,0.033380,0
2,1.294141,1.047372,0,0.979540,0.014844,0.000084,0.005532,0
2,0.851213,0.564904,0,0.876371,0.091485,0.003038,0.029106,0
2,0.762123,1.232308,0,0.947862,0.006855,0.000325,0.044957,0
2,1.213472,1.255670,0,0.985769,0.006493,0.000051,0.007687,0
2,0.887940,1.219968,0,0.964795,0.007330,0.000210,0.027665,0
2,0.668100,1.847889,0,0.934802,0.000576,0.000040,0.064582,0
2,1.190880,0.726921,0,0.940200,0.051337,0.000438,0.008025,0
2,0.661441,0.686411,0,0.877413,0.056336,0.003997,0.062254,0
2,1.367889,0.888732,0,0.968140,0.027673,0.000116,0.004071,0
2,0.732490,1.087415,0,0.937207,0.012100,0.000646,0.050046,0
2,1.163897,1.108120,0,0.978946,0.011635,0.000111,0.009308,0
2,1.075435,0.944791,0,0.964603,0.022033,0.000298,0.013066,0
2,0.709238,1.121535,0,0.934118,0.010522,0.000617,0.054743,0
2,0.685359,0.206583,0,0.653446,0.285981,0.018439,0.042133,0
2,0.918225,0.391432,0,0.806682,0.168545,0.004281,0.020492,0
2,0.855998,1.278892,0,0.962668,0.005778,0.000188,0.031366,0
2,0.630188,1.064675,0,0.912678,0.012906,0.001038,0.073379,0
2,0.892617,0.876244,0,0.944255,0.028373,0.000798,0.026574,0
2,0.943105,1.430205,0,0.974328,0.003193,0.000073,0.022406,0
2,0.366456,0.868145,0,0.787966,0.024456,0.005647,0.181932,0
2,1.399887,1.340672,0,0.991665,0.004649,0.000017,0.003669,0
2,0.659514,0.634589,0,0.864944,0.068327,0.004885,0.061844,0
2,0.960700,1.082799,0,0.966308,0.012709,0.000272,0.020711,0
2,1.470462,-0.841179,1,0.033324,0.963895,0.002689,0.000093,1
2,0.953741,-0.775479,1,0.042100,0.936336,0.020635,0.000928,1
2,1.030702,-1.260551,1,0.006316,0.977744,0.015838,0.000102,1
2,1.413636,-1.296357,1,0.005547,0.990964,0.003470,0.000019,1
2,1.166797,-0.633152,1,0.072918,0.917771,0.008626,0.000685,1
2,1.077745,-0.800841,1,0.038522,0.948235,0.012726,0.000517,1
2,0.886682,-0.932283,1,0.022794,0.949195,0.027355,0.000657,1
2,0.738144,-1.158461,1,0.009146,0.941239,0.049137,0.000477,1
2,0.648869,-0.746988,1,0.044642,0.885928,0.066099,0.003331,1
2,0.579016,-0.827777,1,0.032032,0.878167,0.086641,0.003160,1
2,0.722718,-0.978306,1,0.018554,0.928839,0.051576,0.001030,1
2,0.967992,-1.070432,1,0.013352,0.966255,0.020115,0.000278,1
2,0.699740,-0.807023,1,0.035935,0.906685,0.055193,0.002187,1
2,0.693421,-0.994172,1,0.017321,0.923916,0.057681,0.001081,1
2,0.910405,-1.524254,1,0.002187,0.972272,0.025483,0.000057,1
2,1.393699,-1.566317,1,0.001890,0.994332,0.003771,0.000007,1
2,0.871231,-0.801566,1,0.037773,0.932483,0.028586,0.001158,1
2,0.710794,-0.741286,1,0.046328,0.898637,0.052337,0.002698,1
2,0.790800,-1.347470,1,0.004358,0.955068,0.040390,0.000184,1
2,0.377286,-1.145629,1,0.008292,0.810642,0.179232,0.001833,1
2,1.513143,-1.566693,1,0.001890,0.995763,0.002342,0.000004,1
2,0.824320,-1.303196,1,0.005224,0.959112,0.035471,0.000193,1
2,1.221710,-0.790894,1,0.040256,0.952255,0.007185,0.000304,1
2,1.248705,-1.035097,1,0.015562,0.977711,0.006622,0.000105,1
2,1.468236,-1.065935,1,0.013835,0.983358,0.002768,0.000039,1
2,-1.321661,-0.873583,0,0.000148,0.004885,0.965641,0.029326,0
2,-0.991156,-1.107985,0,0.000219,0.018403,0.969845,0.011533,0
2,-0.812672,-1.592756,0,0.000064,0.037238,0.961054,0.001644,0
2,-1.126375,-1.371316,0,0.000045,0.010882,0.984987,0.004085,0
2,-1.268521,-0.478728,0,0.000799,0.005419,0.866151,0.127632,0
2,-1.097036,-0.825796,0,0.000435,0.011836,0.952702,0.035027,0
2,-1.026804,-0.265162,0,0.004163,0.012024,0.730790,0.253023,0
2,-1.009015,-0.956834,0,0.000370,0.016990,0.961706,0.020934,0
2,-1.161488,-1.244531,0,0.000065,0.009444,0.983716,0.006775,0
2,-1.153370,-1.403177,0,0.000036,0.009784,0.986578,0.003602,0
2,-1.074647,-1.052940,0,0.000196,0.013210,0.972186,0.014408,0
2,-1.170641,-0.899689,0,0.000244,0.008926,0.964445,0.026385,0
2,-1.441500,-0.770791,0,0.000137,0.002986,0.953207,0.043670,0
2,-0.917419,-1.027451,0,0.000401,0.024450,0.959404,0.015745,0
2,-1.256765,-0.892752,0,0.000178,0.006337,0.966305,0.027180,0
2,-0.921334,-0.999538,0,0.000441,0.024034,0.957947,0.017578,0
2,-0.907593,-0.579541,0,0.002314,0.023507,0.886863,0.087315,0
2,-0.643051,-1.357417,0,0.000310,0.070639,0.924996,0.004056,0
2,-1.530765,-1.173162,0,0.000020,0.002167,0.988754,0.009059,0
2,-1.474470,-1.533595,0,0.000006,0.002732,0.995106,0.002156,0
2,-1.199693,-1.340607,0,0.000038,0.008134,0.987198,0.004629,0
2,-1.310085,-0.640621,0,0.000377,0.004893,0.923514,0.071215,0
2,-0.910523,-1.500446,0,0.000063,0.025466,0.972066,0.002405,0
2,-1.440999,-0.793227,0,0.000126,0.003003,0.956799,0.040072,0
2,-1.195317,-1.482058,0,0.000022,0.008294,0.989050,0.002634,0
2,-0.766448,1.025708,1,0.043816,0.000724,0.015533,0.939926,1
2,-0.994483,1.421688,1,0.018318,0.000062,0.003317,0.978303,1
2,-0.766193,1.214753,1,0.044241,0.000343,0.007355,0.948061,1
2,-0.509584,1.566411,1,0.115018,0.000219,0.001678,0.883085,1
2,-0.887486,0.925102,1,0.027251,0.000673,0.023444,0.948632,1
2,-0.862969,0.858481,1,0.029753,0.000960,0.030292,0.938995,1
2,-0.849424,0.985151,1,0.031750,0.000617,0.018449,0.949184,1
2,-1.593501,1.183351,1,0.001688,0.000015,0.008705,0.989593,1
2,-1.100228,0.735018,1,0.011509,0.000608,0.049600,0.938283,1
2,-0.805257,1.164003,1,0.038021,0.000361,0.009053,0.952564,1
2,-0.749144,1.153443,1,0.047114,0.000467,0.009350,0.943069,1
2,-1.446567,0.424017,1,0.002586,0.000474,0.154505,0.842435,1
2,-1.253307,1.713634,1,0.006599,0.000007,0.001047,0.992348,1
2,-0.704306,1.038721,1,0.055529,0.000871,0.014574,0.929025,1
2,-0.859701,1.410909,1,0.030995,0.000110,0.003418,0.965478,1
2,-1.544205,1.177751,1,0.002054,0.000018,0.008897,0.989030,1
2,-1.300162,1.094892,1,0.005415,0.000068,0.012308,0.982209,1
2,-0.782593,1.045492,1,0.041242,0.000630,0.014409,0.943719,1
2,-1.140593,0.972522,1,0.010123,0.000207,0.019827,0.969843,1
2,-0.757520,0.803343,1,0.044303,0.001782,0.036884,0.917031,1
2,-0.608950,1.057365,1,0.079328,0.001155,0.013196,0.906320,1
2,-1.080758,1.115809,1,0.012937,0.000149,0.011245,0.975669,1
2,-1.219077,0.780704,1,0.007248,0.000319,0.041857,0.950576,1
2,-0.864415,0.960298,1,0.029899,0.000642,0.020375,0.949084,1
2,-1.248376,1.082871,1,0.006649,0.000087,0.012890,0.980374,1
3,1.450911,1.161698,0,0.987520,0.009473,0.000029,0.002979,0
3,1.457384,0.363487,0,0.808229,0.188840,0.000555,0.002376,0
3,0.845996,1.274417,0,0.961326,0.005875,0.000199,0.032601,0
3,0.845930,0.932006,0,0.944486,0.022706,0.000770,0.032038,0
3,1.376810,0.684744,0,0.935492,0.060467,0.000245,0.003796,0
3,0.674557,0.930548,0,0.914801,0.022121,0.001489,0.061589,0
3,0.863419,1.621748,0,0.967866,0.001474,0.000047,0.030613,0
3,0.822411,0.795648,0,0.925677,0.038395,0.001431,0.034497,0
3,0.848528,1.235734,0,0.960667,0.006853,0.000230,0.032250,0
3,1.208092,0.825511,0,0.956875,0.035221,0.000281,0.007624,0
3,1.223849,0.799766,0,0.953665,0.038910,0.000291,0.007134,0
3,0.728342,1.330374,0,0.943892,0.004611,0.000250,0.051246,0
3,0.853439,1.163852,0,0.959012,0.009120,0.000300,0.031568,0
3,1.341230,0.701057,0,0.938514,0.056830,0.000266,0.004390,0
3,0.779042,0.703143,0,0.903311,0.054244,0.002404,0.040041,0
3,0.860670,1.049510,0,0.954668,0.014344,0.000459,0.030529,0
3,0.660510,0.908496,0,0.909498,0.024021,0.001711,0.064771,0
3,1.091598,0.981509,0,0.968364,0.019098,0.000242,0.012295,0
3,0.796357,1.076072,0,0.947481,0.012801,0.000529,0.039188,0
3,0.691731,1.065916,0,0.927807,0.013055,0.000821,0.058317,0
3,1.023691,0.601816,0,0.902347,0.081267,0.001354,0.015033,0
3,1.186836,0.566500,0,0.898230,0.093170,0.000808,0.007792,0
3,1.224770,1.073786,0,0.979250,0.013352,0.000100,0.007299,0
3,1.118656,1.371488,0,0.984653,0.004081,0.000047,0.011220,0
3,1.158739,1.015483,0,0.973625,0.016762,0.000163,0.009451,0
3,1.140503,-0.218665,1,0.291245,0.698422,0.007292,0.003041,1
3,1.171812,-0.629492,1,0.073927,0.916945,0.008447,0.000681,1
3,1.269450,-0.804999,1,0.038182,0.955623,0.005957,0.000238,1
3,0.936206,-1.065686,1,0.013567,0.963339,0.022773,0.000321,1
3,1.155662,-1.399676,1,0.003653,0.986616,0.009695,0.000036,1
3,0.182905,-1.354236,1,0.002985,0.672176,0.323403,0.001436,1
3,1.204788,-1.007834,1,0.017301,0.974690,0.007869,0.000140,1
3,0.462573,-1.243886,1,0.005926,0.858235,0.134907,0.000932,1
3,1.619294,-0.681061,1,0.061463,0.937001,0.001441,0.000095,1
3,1.347950,-1.137886,1,0.010393,0.985073,0.004486,0.000047,1
3,1.221830,-0.827953,1,0.034905,0.957610,0.007222,0.000263,1
3,0.779454,-1.343426,1,0.004420,0.953202,0.042183,0.000196,1
3,0.780253,-1.360012,1,0.004138,0.953613,0.042066,0.000183,1
3,1.195028,-0.819034,1,0.036096,0.955579,0.008022,0.000303,1
3,1.349966,-1.488407,1,0.002578,0.992925,0.004485,0.000012,1
3,0.966563,-1.270097,1,0.006052,0.973440,0.020381,0.000127,1
3,1.021380,-0.692416,1,0.058010,0.925453,0.015561,0.000975,1
3,1.333830,-0.608332,1,0.080280,0.914925,0.004408,0.000387,1
3,1.018160,-0.926485,1,0.023586,0.959667,0.016345,0.000402,1
3,0.879565,-1.244223,1,0.006651,0.964552,0.028600,0.000197,1
3,0.977186,-1.717450,1,0.001017,0.979312,0.019651,0.000020,1
3,1.609755,-1.677577,1,0.001215,0.997190,0.001593,0.000002,1
3,1.615413,-0.669188,1,0.064259,0.934181,0.001459,0.000100,1
3,1.015552,-0.946819,1,0.021780,0.961300,0.016545,0.000375,1
3,1.331122,-1.386146,1,0.003874,0.991278,0.004828,0.000019,1
3,-0.713143,-0.469145,0,0.007243,0.047305,0.819912,0.125539,0
3,-0.933229,-0.886283,0,0.000655,0.022709,0.949236,0.027399,0
3,-1.031538,-0.698813,0,0.000915,0.014973,0.927445,0.056666,0
3,-0.657319,-1.300841,0,0.000368,0.066910,0.927622,0.005100,0
3,-0.726438,-1.095949,0,0.000639,0.051231,0.936445,0.011685,0
3,-1.266134,-1.152247,0,0.000062,0.006215,0.983921,0.009802,0
3,-1.343253,-1.021364,0,0.000076,0.004542,0.978920,0.016461,0
3,-0.993443,-1.379335,0,0.000074,0.018382,0.977618,0.003927,0
3,-0.697635,-1.118688,0,0.000652,0.057186,0.931549,0.010613,0
3,-1.283482,-1.074939,0,0.000078,0.005780,0.980829,0.013312,0
3,-0.556104,-0.849384,0,0.003159,0.094420,0.873207,0.029214,0
3,-0.749691,-0.884464,0,0.001342,0.046140,0.925606,0.026913,0
3,-0.714867,-0.752023,0,0.002550,0.051644,0.901295,0.044511,0
3,-1.185831,-1.690974,0,0.000010,0.008624,0.990222,0.001143,0
3,-1.396599,-0.515382,0,0.000422,0.003313,0.883795,0.112471,0
3,-0.726294,-0.600812,0,0.004304,0.047595,0.869480,0.078622,0
3,-0.823091,-1.291964,0,0.000203,0.035631,0.958704,0.005462,0
3,-1.149940,-1.749359,0,0.000009,0.009945,0.989142,0.000904,0
3,-0.613659,-1.213745,0,0.000611,0.078489,0.913782,0.007118,0
3,-0.671804,-0.417897,0,0.010083,0.053649,0.788139,0.148129,0
3,-0.817393,-0.269059,0,0.009312,0.027318,0.718463,0.244907,1
3,-0.982573,-1.135433,0,0.000203,0.019057,0.970401,0.010340,0
3,-0.888427,-1.056895,0,0.000400,0.027422,0.958200,0.013978,0
3,-0.662810,-1.336010,0,0.000313,0.065599,0.929647,0.004440,0
3,-0.970800,-0.834975,0,0.000690,0.019479,0.946293,0.033537,0
3,-1.177961,0.459849,1,0.007687,0.001222,0.135901,0.855191,1
3,-0.933214,1.391963,1,0.023277,0.000089,0.003715,0.972919,1
3,-1.181744,0.616130,1,0.008088,0.000688,0.077695,0.913529,1
3,-1.324508,0.957161,1,0.004871,0.000106,0.021171,0.973853,1
3,-1.053713,0.665918,1,0.013611,0.000949,0.064203,0.921238,1
3,-0.924513,0.815756,1,0.023282,0.000891,0.035971,0.939856,1
3,-1.478560,1.667686,1,0.002690,0.000003,0.001262,0.996044,1
3,-1.967670,0.872734,1,0.000370,0.000011,0.029560,0.970058,1
3,-0.920821,1.008372,1,0.024097,0.000427,0.016977,0.958499,1
3,-1.366436,0.837432,1,0.004069,0.000143,0.033761,0.962027,1
3,-1.138237,1.297714,1,0.010369,0.000058,0.005479,0.984095,1
3,-0.287171,0.308333,1,0.186421,0.054308,0.171291,0.587980,1
3,-1.055273,0.864527,1,0.014028,0.000442,0.030086,0.955444,1
3,-1.009233,0.951228,1,0.016968,0.000378,0.021399,0.961256,1
3,-1.162713,1.035057,1,0.009315,0.000148,0.015521,0.975015,1
3,-0.865061,0.870565,1,0.029556,0.000908,0.028913,0.940622,1
3,-1.303324,0.980223,1,0.005309,0.000105,0.019333,0.975253,1
3,-1.182800,1.252949,1,0.008681,0.000058,0.006557,0.984704,1
3,-1.185900,0.717460,1,0.008169,0.000463,0.053202,0.938166,1
3,-1.031073,1.744889,1,0.015903,0.000015,0.000915,0.983167,1
3,-0.883879,1.216608,1,0.028102,0.000216,0.007426,0.964256,1
3,-0.898404,0.482727,1,0.023373,0.003390,0.123261,0.849977,1
3,-1.292159,1.180899,1,0.005610,0.000050,0.008755,0.985585,1
3,-0.884877,1.446165,1,0.028122,0.000086,0.002978,0.968813,1
3,-1.008502,1.006611,1,0.017090,0.000305,0.017220,0.965385,1
5,0.629414,0.793126,0,0.888158,0.037213,0.003001,0.071629,0
5,0.634997,1.185578,0,0.918887,0.008011,0.000632,0.072470,0
5,0.558533,1.231327,0,0.896762,0.006511,0.000697,0.096030,0
5,1.055022,1.064385,0,0.971758,0.013757,0.000202,0.014282,0
5,0.386716,1.186666,0,0.817365,0.007095,0.001511,0.174029,0
5,1.146534,0.348559,0,0.793183,0.196727,0.002005,0.008084,0
5,1.037433,1.160026,0,0.975060,0.009416,0.000148,0.015375,0
5,0.830272,0.887094,0,0.938153,0.026992,0.000975,0.033880,0
5,0.819994,1.314330,0,0.958741,0.004994,0.000188,0.036077,0
5,0.924745,1.080758,0,0.963079,0.012770,0.000316,0.023835,0
5,0.613200,1.243822,0,0.914450,0.006316,0.000543,0.078691,0
5,0.797102,0.941808,0,0.938697,0.021699,0.000895,0.038709,0
5,1.486944,1.248457,0,0.990679,0.006716,0.000018,0.002587,0
5,1.558340,1.282469,0,0.992170,0.005871,0.000012,0.001947,0
5,1.043768,0.941210,0,0.962555,0.022304,0.000343,0.014798,0
5,1.248248,1.199144,0,0.985125,0.008135,0.000055,0.006684,0
5,0.982949,0.838408,0,0.947642,0.033127,0.000650,0.018582,0
5,1.428243,1.025121,0,0.980467,0.016241,0.000054,0.003238,0
5,0.857248,1.241175,0,0.961884,0.006714,0.000218,0.031184,0
5,1.562305,0.787025,0,0.956985,0.041087,0.000079,0.001849,0
5,0.633628,0.332765,0,0.732897,0.193629,0.015355,0.058119,0
5,1.055010,1.020723,0,0.969176,0.016339,0.000240,0.014245,0
5,0.964418,1.443190,0,0.976282,0.003037,0.000064,0.020616,0
5,0.341793,1.105579,0,0.787468,0.009455,0.002409,0.200668,0
5,0.876640,0.819765,0,0.935634,0.035239,0.001057,0.028069,0
5,0.870173,-0.713633,1,0.052821,0.917312,0.028241,0.001626,1
5,0.714946,-1.003144,1,0.016803,0.929019,0.053215,0.000962,1
5,0.760098,-0.785732,1,0.039483,0.914883,0.043746,0.001888,1
5,0.924528,-1.190228,1,0.008280,0.967548,0.023966,0.000205,1
5,0.869803,-1.611694,1,0.001536,0.968555,0.029862,0.000047,1
5,1.209887,-0.657030,1,0.066822,0.925330,0.007320,0.000529,1
5,1.045446,-0.968660,1,0.020034,0.964925,0.014736,0.000306,1
5,0.810724,-1.174568,1,0.008689,0.953728,0.037244,0.000339,1
5,1.202725,-1.445286,1,0.003051,0.988874,0.008050,0.000025,1
5,0.662028,-1.049102,1,0.013846,0.920048,0.065125,0.000980,1
5,0.774723,-0.640092,1,0.068638,0.888209,0.040058,0.003096,1
5,0.867692,-1.235764,1,0.006869,0.962976,0.029942,0.000214,1
5,0.977897,-1.134018,1,0.010394,0.969990,0.019408,0.000208,1
5,0.811613,-1.356673,1,0.004214,0.958331,0.037291,0.000164,1
5,0.955803,-0.980279,1,0.019018,0.959592,0.020974,0.000416,1
5,0.936817,-1.187190,1,0.008390,0.968571,0.022841,0.000198,1
5,0.673517,-1.455028,1,0.002771,0.933905,0.063137,0.000187,1
5,0.831876,-0.893098,1,0.026375,0.938986,0.033693,0.000946,1
5,1.250825,-1.410514,1,0.003509,0.989820,0.006647,0.000024,1
5,1.404520,-0.720236,1,0.052912,0.943470,0.003426,0.000192,1
5,1.018782,-1.396407,1,0.003675,0.979619,0.016644,0.000062,1
5,0.845626,-1.310715,1,0.005085,0.962069,0.032674,0.000173,1
5,1.290190,-0.708383,1,0.055222,0.939073,0.005388,0.000317,1
5,0.945800,-0.974224,1,0.019458,0.958298,0.021801,0.000443,1
5,0.424937,-0.512764,1,0.096341,0.749161,0.136894,0.017604,1
5,-1.065355,-1.007976,0,0.000242,0.013664,0.968905,0.017189,0
5,-1.405590,-0.337044,0,0.000743,0.002860,0.790971,0.205426,0
5,-1.003378,-0.850065,0,0.000573,0.017176,0.950537,0.031714,0
5,-1.407496,-0.694220,0,0.000209,0.003366,0.938047,0.058377,0
5,-1.040051,-1.594005,0,0.000026,0.015339,0.982963,0.001673,0
5,-0.757414,-0.885841,0,0.001296,0.044808,0.927089,0.026808,0
5,-1.442719,-0.849524,0,0.000101,0.003007,0.964638,0.032254,0
5,-0.919238,-1.348107,0,0.000112,0.024564,0.970906,0.004419,0
5,-1.445706,-1.263646,0,0.000019,0.003051,0.990609,0.006320,0
5,-0.579289,-0.871065,0,0.002670,0.087042,0.883195,0.027093,0
5,-1.118163,-0.979852,0,0.000220,0.011068,0.969465,0.019247,0
5,-0.445227,-1.224649,0,0.001067,0.143124,0.849474,0.006335,0
5,-0.566614,-1.210034,0,0.000737,0.093203,0.898953,0.007107,0
5,-1.459265,-0.856400,0,0.000092,0.002817,0.965678,0.031413,0
5,-0.973472,-0.975903,0,0.000395,0.019565,0.960665,0.019376,0
5,-1.688151,-0.871940,0,0.000035,0.001132,0.969206,0.029628,0
5,-1.019262,-0.919477,0,0.000411,0.016264,0.959084,0.024242,0
5,-0.542174,-1.245692,0,0.000699,0.101898,0.891293,0.006110,0
5,-1.113745,-1.313413,0,0.000060,0.011427,0.983371,0.005141,0
5,-1.103858,-1.382246,0,0.000047,0.011898,0.984148,0.003907,0
5,-1.064158,-1.099053,0,0.000170,0.013802,0.974024,0.012004,0
5,-1.565365,-1.071618,0,0.000026,0.001879,0.984554,0.013541,0
5,-0.875360,-1.009586,0,0.000507,0.028764,0.953914,0.016814,0
5,-1.105867,-1.329343,0,0.000058,0.011793,0.983326,0.004824,0
5,-0.443933,-0.832167,0,0.005011,0.139820,0.825579,0.029589,0
5,-1.206386,1.216697,1,0.007898,0.000061,0.007578,0.984463,1
5,-1.081049,0.799389,1,0.012558,0.000513,0.038745,0.948184,1
5,-1.663938,0.935255,1,0.001255,0.000030,0.023150,0.975565,1
5,-0.586463,0.605130,1,0.080263,0.007133,0.074488,0.838116,1
5,-1.226411,1.023425,1,0.007230,0.000121,0.016283,0.976366,1
5,-0.692296,0.752682,1,0.056242,0.002770,0.044173,0.896814,1
5,-0.671791,1.320887,1,0.063413,0.000322,0.004727,0.931538,1
5,-1.494335,0.795688,1,0.002428,0.000101,0.039719,0.957752,1
5,-1.043515,1.170929,1,0.015018,0.000139,0.009021,0.975823,1
5,-0.732840,0.867189,1,0.049095,0.001530,0.028685,0.920690,1
5,-1.479609,1.019923,1,0.002638,0.000045,0.016587,0.980731,1
5,-0.788613,0.863359,1,0.039661,0.001255,0.029412,0.929672,1
5,-1.277179,1.131383,1,0.005943,0.000064,0.010649,0.983344,1
5,-1.066133,1.406131,1,0.013814,0.000050,0.003545,0.982591,1
5,-1.023218,1.472618,1,0.016372,0.000045,0.002713,0.980870,1
5,-0.697437,0.960408,1,0.056665,0.001216,0.019792,0.922327,1
5,-0.655680,1.217601,1,0.067175,0.000515,0.007097,0.925213,1
5,-0.584667,1.035023,1,0.086592,0.001379,0.014293,0.897736,1
5,-0.921875,1.112840,1,0.024142,0.000282,0.011247,0.964330,1
5,-1.346161,0.767794,1,0.004363,0.000202,0.044110,0.951325,1
5,-1.027267,1.241102,1,0.016046,0.000112,0.006822,0.977021,1
5,-0.297233,1.236587,1,0.231802,0.001648,0.005411,0.761139,1
5,-1.227414,1.295683,1,0.007280,0.000041,0.005540,0.987138,1
5,-1.349738,0.452486,1,0.003868,0.000633,0.140012,0.855487,1
5,-1.584988,1.187916,1,0.001746,0.000015,0.008548,0.989690,1
7,1.164277,0.890048,0,0.963208,0.027387,0.000260,0.009145,0
7,0.664239,0.981652,0,0.916376,0.018062,0.001267,0.064294,0
7,0.659720,1.381000,0,0.929613,0.003709,0.000265,0.066413,0
7,0.671499,1.357579,0,0.932111,0.004084,0.000278,0.063527,0
7,0.942738,1.027779,0,0.961726,0.015762,0.000363,0.022149,0
7,1.260396,0.828168,0,0.958665,0.034913,0.000226,0.006196,0
7,1.466778,1.085935,0,0.984392,0.012785,0.000036,0.002787,0
7,0.978060,1.399966,0,0.976784,0.003612,0.000072,0.019531,0
7,0.318039,1.532144,0,0.779413,0.001699,0.000476,0.218412,0
7,1.295588,1.337055,0,0.989709,0.004708,0.000026,0.005557,0
7,1.216824,1.181623,0,0.983652,0.008713,0.000067,0.007568,0
7,0.742817,0.968710,0,0.931915,0.019344,0.000991,0.047750,0
7,0.896178,0.945689,0,0.951352,0.021653,0.000601,0.026395,0
7,0.642620,1.245679,0,0.922612,0.006325,0.000484,0.070579,0
7,0.384355,1.035948,0,0.810237,0.012852,0.002762,0.174148,0
7,1.172841,1.279026,0,0.985000,0.005909,0.000054,0.009037,0
7,0.905364,1.107448,0,0.962483,0.011470,0.000307,0.025740,0
7,1.407203,0.624903,0,0.920806,0.075614,0.000272,0.003308,0
7,1.206357,0.200516,0,0.684921,0.307120,0.002464,0.005495,0
7,0.753029,1.447239,0,0.950210,0.002909,0.000143,0.046738,0
7,0.791534,0.302277,0,0.738981,0.220559,0.009300,0.031160,0
7,0.893645,1.056500,0,0.958729,0.014008,0.000393,0.026871,0
7,0.599978,0.857278,0,0.888034,0.028786,0.002612,0.080568,0
7,0.627006,1.155608,0,0.915702,0.009000,0.000733,0.074565,0
7,1.115490,1.297129,0,0.983106,0.005486,0.000063,0.011345,0
7,0.791522,-1.094047,1,0.011915,0.947623,0.039960,0.000502,1
7,0.901793,-0.525444,1,0.106047,0.867541,0.023535,0.002877,1
7,0.885817,-1.261907,1,0.006204,0.965690,0.027926,0.000179,1
7,1.538989,-0.688567,1,0.059720,0.938164,0.001990,0.000127,1
7,0.728159,-1.055681,1,0.013702,0.934765,0.050788,0.000744,1
7,1.017399,-1.152575,1,0.009685,0.973517,0.016632,0.000165,1
7,1.323743,-0.974135,1,0.019808,0.975200,0.004892,0.000099,1
7,0.356473,-1.321066,1,0.004068,0.802192,0.192762,0.000977,1
7,0.545647,-0.512290,1,0.102572,0.796103,0.089760,0.011565,1
7,1.182955,-0.680954,1,0.061045,0.930222,0.008196,0.000538,1
7,0.740816,-0.868127,1,0.028626,0.922261,0.047635,0.001479,1
7,1.354516,-1.155830,1,0.009682,0.985902,0.004373,0.000043,1
7,0.793133,-0.837726,1,0.032504,0.927284,0.038851,0.001362,1
7,0.697427,-0.841969,1,0.031386,0.910731,0.055954,0.001928,1
7,1.011730,-1.434694,1,0.003153,0.979671,0.017121,0.000055,1
7,1.369805,-1.173018,1,0.009047,0.986798,0.004117,0.000038,1
7,1.065057,-0.947711,1,0.021771,0.964307,0.013615,0.000307,1
7,0.769319,-1.239147,1,0.006680,0.949266,0.043747,0.000308,1
7,1.389178,-1.103147,1,0.011932,0.984221,0.003801,0.000046,1
7,1.155947,-0.714539,1,0.053734,0.936546,0.009193,0.000527,1
7,1.422972,-0.615110,1,0.078414,0.918224,0.003097,0.000265,1
7,1.031646,-1.007722,1,0.017172,0.966947,0.015604,0.000277,1
7,0.875265,-0.859081,1,0.030266,0.940452,0.028369,0.000913,1
7,0.713426,-1.010249,1,0.016335,0.929175,0.053549,0.000941,1
7,1.255421,-0.702758,1,0.056359,0.937091,0.006179,0.000372,1
7,-1.214629,-1.138935,0,0.000080,0.007622,0.981980,0.010317,0
7,-1.005592,-1.622811,0,0.000027,0.017569,0.980917,0.001488,0
7,-1.006438,-1.277100,0,0.000105,0.017432,0.976559,0.005904,0
7,-1.124415,-1.418977,0,0.000038,0.010975,0.985609,0.003378,0
7,-0.493406,-1.238694,0,0.000854,0.121146,0.871854,0.006146,0
7,-0.957686,-0.649470,0,0.001471,0.019762,0.910963,0.067804,0
7,-0.629039,-0.622661,0,0.005718,0.069015,0.854468,0.070798,0
7,-1.044653,-1.644325,0,0.000021,0.015068,0.983543,0.001369,0
7,-1.324777,-1.395913,0,0.000019,0.004953,0.991303,0.003726,0
7,-0.866784,-0.903713,0,0.000793,0.029469,0.944316,0.025422,0
7,-1.178497,-0.921787,0,0.000217,0.008672,0.966897,0.024214,0
7,-1.080395,-1.321003,0,0.000066,0.013039,0.981915,0.004980,0
7,-1.300278,-1.262194,0,0.000035,0.005445,0.988178,0.006341,0
7,-1.169797,-0.752032,0,0.000433,0.008768,0.944172,0.046627,0
7,-0.980921,-1.089182,0,0.000245,0.019140,0.968202,0.012413,0
7,-0.581498,-1.226236,0,0.000655,0.088338,0.904306,0.006701,0
7,-0.653751,-0.232490,0,0.019290,0.048889,0.668179,0.263642,0
7,-1.350123,-1.183910,0,0.000039,0.004455,0.986845,0.008661,0
7,-0.768040,-0.971077,0,0.000892,0.043378,0.936474,0.019256,0
7,-1.146910,-0.771639,0,0.000440,0.009634,0.946700,0.043225,0
7,-1.129347,-1.204679,0,0.000087,0.010713,0.981275,0.007926,0
7,-1.082672,-0.692261,0,0.000767,0.012221,0.928759,0.058253,0
7,-0.599747,-1.172387,0,0.000758,0.082492,0.908401,0.008349,0
7,-0.942218,-1.289242,0,0.000129,0.022428,0.971846,0.005597,0
7,-0.536240,-1.004272,0,0.001854,0.102949,0.879364,0.015833,0
7,-1.295506,0.738631,1,0.005309,0.000277,0.049247,0.945168,1
7,-0.741369,1.029794,1,0.048226,0.000784,0.015214,0.935776,1
7,-1.014936,0.763880,1,0.016198,0.000763,0.044217,0.938822,1
7,-1.319414,0.779181,1,0.004863,0.000215,0.042207,0.952714,1
7,-1.637834,1.129762,1,0.001411,0.000015,0.010766,0.987807,1
7,-0.877982,0.848005,1,0.028032,0.000943,0.031603,0.939423,1
7,-0.992728,0.920711,1,0.018053,0.000454,0.024080,0.957413,1
7,-1.184188,1.251048,1,0.008633,0.000058,0.006607,0.984702,1
7,-0.416766,0.905107,1,0.154675,0.004141,0.021932,0.819251,1
7,-1.381772,1.188709,1,0.003928,0.000034,0.008503,0.987536,1
7,-0.755613,1.082843,1,0.045819,0.000603,0.012376,0.941202,1
7,-1.068498,0.843613,1,0.013280,0.000455,0.032649,0.953616,1
7,-0.906794,1.146476,1,0.025641,0.000261,0.009830,0.964267,1
7,-1.200842,1.140181,1,0.008051,0.000084,0.010262,0.981602,1
7,-1.238320,0.800089,1,0.006736,0.000274,0.038878,0.954111,1
7,-0.626872,0.530461,1,0.067275,0.008060,0.098931,0.825734,1
7,-0.797156,0.749958,1,0.037718,0.001878,0.045555,0.914849,1
7,-1.756645,0.903328,1,0.000864,0.000023,0.026231,0.972882,1
7,-1.273953,0.965724,1,0.005960,0.000125,0.020450,0.973465,1
7,-0.786268,0.929241,1,0.040306,0.000980,0.022751,0.935963,1
7,-1.449803,1.073166,1,0.002980,0.000041,0.013443,0.983536,1
7,-0.763398,1.349655,1,0.044860,0.000203,0.004300,0.950638,1
7,-1.556810,0.774641,1,0.001886,0.000085,0.043081,0.954948,1
7,-0.512352,1.044876,1,0.112392,0.001720,0.013355,0.872533,1
7,-0.872026,1.058265,1,0.029229,0.000424,0.013876,0.956471,1
11,1.143434,0.751219,0,0.943062,0.046724,0.000482,0.009732,0
11,1.614213,1.507241,0,0.996034,0.002398,0.000004,0.001564,0
11,1.129315,1.276946,0,0.983251,0.005948,0.000065,0.010736,0
11,0.579308,1.327220,0,0.905813,0.004481,0.000442,0.089264,0
11,0.728553,0.874867,0,0.920726,0.027818,0.001509,0.049946,0
11,1.212252,1.103419,0,0.980352,0.011873,0.000093,0.007682,0
11,0.866585,1.012362,0,0.953100,0.016614,0.000519,0.029766,0
11,0.848272,0.706589,0,0.913389,0.054099,0.001818,0.030694,0
11,0.610103,1.351023,0,0.915738,0.004119,0.000359,0.079784,0
11,1.338521,1.310439,0,0.990055,0.005238,0.000025,0.004682,0
11,0.845084,0.866891,0,0.937831,0.029254,0.000996,0.031920,0
11,0.840089,1.197696,0,0.958481,0.007961,0.000276,0.033281,0
11,1.203025,0.799199,0,0.952965,0.038970,0.000317,0.007748,0
11,0.824652,1.057404,0,0.950543,0.013838,0.000511,0.035108,0
11,1.224663,0.870279,0,0.962965,0.029633,0.000221,0.007180,0
11,1.024585,0.832079,0,0.949624,0.034047,0.000565,0.015764,0
11,1.141922,0.253900,0,0.726571,0.263153,0.002732,0.007543,0
11,0.896842,1.211652,0,0.965490,0.007584,0.000210,0.026716,0
11,0.631772,0.739838,0,0.880370,0.045649,0.003647,0.070334,0
11,0.812652,1.298855,0,0.957389,0.005306,0.000206,0.037099,0
11,0.933531,0.760529,0,0.932168,0.044496,0.001063,0.022273,0
11,1.196993,1.279094,0,0.985827,0.005913,0.000049,0.008211,0
11,1.449369,1.334459,0,0.992205,0.004769,0.000014,0.003012,0
11,1.593735,0.720783,0,0.945396,0.052904,0.000090,0.001611,0
11,1.121026,1.548336,0,0.986823,0.002016,0.000023,0.011138,0
11,1.170070,-0.551759,1,0.098209,0.892599,0.008280,0.000911,1
11,0.945748,-0.895355,1,0.026480,0.951272,0.021646,0.000603,1
11,0.940889,-0.658440,1,0.065478,0.911847,0.021156,0.001519,1
11,0.818492,-0.877355,1,0.027986,0.935539,0.035416,0.001059,1
11,1.003772,-1.281958,1,0.005790,0.976488,0.017617,0.000104,1
11,1.447525,-1.198572,1,0.008184,0.988768,0.003023,0.000025,1
11,0.464220,-1.265805,1,0.005436,0.859496,0.134218,0.000849,1
11,0.937974,-0.558859,1,0.094397,0.882668,0.020719,0.002216,1
11,1.310997,-0.539048,1,0.103209,0.891539,0.004707,0.000545,1
11,0.954722,-1.389421,1,0.003760,0.974759,0.021398,0.000083,1
11,0.839112,-1.315896,1,0.004977,0.961339,0.033511,0.000173,1
11,1.208751,-1.089258,1,0.012554,0.979562,0.007784,0.000100,1
11,0.758082,-0.311523,1,0.213105,0.740908,0.035714,0.010272,1
11,0.898307,-0.736518,1,0.048586,0.924641,0.025436,0.001337,1
11,0.933647,-1.288874,1,0.005601,0.971073,0.023192,0.000134,1
11,1.287982,-0.938832,1,0.022727,0.971519,0.005623,0.000132,1
11,1.702466,-1.242378,1,0.006891,0.992007,0.001094,0.000008,1
11,0.586116,-1.090493,1,0.011491,0.901003,0.086405,0.001102,1
11,0.961783,-1.188228,1,0.008374,0.970731,0.020716,0.000179,1
11,0.698983,-1.244867,1,0.006438,0.936018,0.057151,0.000393,1
11,0.417438,-1.010384,1,0.014531,0.827012,0.155721,0.002736,1
11,1.526140,-1.237941,1,0.007006,0.990767,0.002212,0.000016,1
11,0.764211,-0.941873,1,0.021573,0.933504,0.043908,0.001015,1
11,0.741863,-0.824047,1,0.033956,0.917126,0.047172,0.001746,1
11,0.394502,-0.527613,1,0.089594,0.739328,0.152587,0.018491,1
11,-1.568536,-1.434713,0,0.000006,0.001875,0.994917,0.003202,0
11,-1.196463,-0.779838,0,0.000350,0.007928,0.949756,0.041966,0
11,-1.210440,-0.917776,0,0.000194,0.007637,0.967546,0.024622,0
11,-1.025665,-1.419029,0,0.000056,0.016204,0.980381,0.003360,0
11,-0.726736,-0.758074,0,0.002383,0.049429,0.904583,0.043605,0
11,-1.350935,-0.539109,0,0.000465,0.004015,0.892254,0.103267,0
11,-1.052799,-0.765320,0,0.000654,0.013958,0.941309,0.044079,0
11,-0.668092,-1.062131,0,0.000910,0.063713,0.922202,0.013174,0
11,-1.162025,-0.956075,0,0.000203,0.009286,0.969347,0.021164,0
11,-1.131865,-1.393084,0,0.000040,0.010652,0.985561,0.003747,0
11,-1.081658,-1.306591,0,0.000070,0.012970,0.981686,0.005275,0
11,-0.900218,-1.032058,0,0.000421,0.026153,0.957991,0.015435,0
11,-0.879242,-0.244429,0,0.007881,0.020952,0.705703,0.265464,0
11,-0.865956,-0.738072,0,0.001507,0.028853,0.921519,0.048122,0
11,-0.572010,-1.294599,0,0.000516,0.091602,0.902793,0.005089,0
11,-0.771971,-0.949343,0,0.000957,0.042653,0.935409,0.020981,0
11,-1.401573,-0.851246,0,0.000118,0.003544,0.964316,0.032022,0
11,-1.207375,-1.220709,0,0.000060,0.007868,0.984614,0.007459,0
11,-1.051467,-0.447187,0,0.002104,0.012585,0.844189,0.141122,0
11,-0.460156,-0.938383,0,0.003137,0.133841,0.843261,0.019762,0
11,-0.668642,-0.939413,0,0.001471,0.063020,0.914174,0.021335,0
11,-1.205440,-0.759990,0,0.000365,0.007624,0.946723,0.045288,0
11,-0.992616,-0.872486,0,0.000548,0.017967,0.952433,0.029052,0
11,-1.111451,-1.016324,0,0.000196,0.011396,0.971735,0.016673,0
11,-1.357142,-1.174164,0,0.000040,0.004331,0.986626,0.009004,0
11,-1.605608,1.287596,1,0.001613,0.000009,0.005754,0.992624,1
11,-0.902662,0.921178,1,0.025678,0.000645,0.023845,0.949832,1
11,-1.189003,0.978096,1,0.008359,0.000167,0.019434,0.972040,1
11,-1.532463,0.720028,1,0.002057,0.000115,0.053030,0.944798,1
11,-1.541375,1.134589,1,0.002074,0.000022,0.010556,0.987348,1
11,-1.232763,1.008864,1,0.007043,0.000124,0.017246,0.975587,1
11,-0.645441,1.092337,1,0.069442,0.000879,0.011622,0.918057,1
11,-0.984177,0.842478,1,0.018503,0.000636,0.032613,0.948248,1
11,-1.066093,0.861794,1,0.013438,0.000428,0.030425,0.955709,1
11,-0.994760,0.581691,1,0.016727,0.001633,0.087298,0.894342,1
11,-1.219673,0.899609,1,0.007348,0.000201,0.026436,0.966014,1
11,-0.679640,0.540626,1,0.055502,0.006385,0.096784,0.841329,1
11,-1.135900,1.559848,1,0.010503,0.000020,0.001927,0.987550,1
11,-0.879114,0.844958,1,0.027898,0.000950,0.031982,0.939171,1
11,-1.148263,0.899679,1,0.009754,0.000267,0.026363,0.963616,1
11,-0.688195,0.847222,1,0.057974,0.001956,0.030688,0.909382,1
11,-1.258085,1.061168,1,0.006390,0.000092,0.014046,0.979473,1
11,-0.717298,1.362189,1,0.053468,0.000230,0.004053,0.942249,1
11,-1.260593,0.986377,1,0.006295,0.000122,0.018853,0.974730,1
11,-0.855180,1.400073,1,0.031538,0.000117,0.003567,0.964779,1
11,-1.508824,0.612621,1,0.002198,0.000190,0.079214,0.918399,1
11,-0.742698,1.335293,1,0.048530,0.000232,0.004535,0.946702,1
11,-0.953707,0.931885,1,0.021060,0.000507,0.022980,0.955453,1
11,-0.654620,0.670581,1,0.063608,0.004351,0.059674,0.872368,1
11,-0.959815,0.989638,1,0.020662,0.000394,0.018339,0.960605,1
13,1.342114,0.862766,0,0.964766,0.030595,0.000143,0.004497,0
13,1.500817,1.116608,0,0.986206,0.011330,0.000028,0.002437,0
13,1.275299,1.196744,0,0.985729,0.008219,0.000050,0.006003,0
13,0.574024,0.863410,0,0.880696,0.027857,0.002804,0.088643,0
13,0.850875,1.223830,0,0.960627,0.007187,0.000239,0.031947,0
13,0.662746,0.821086,0,0.900340,0.033731,0.002381,0.063548,0
13,1.174323,1.116392,0,0.979698,0.011265,0.000103,0.008935,0
13,0.876924,1.129344,0,0.960420,0.010486,0.000314,0.028780,0
13,1.283591,1.466695,0,0.991336,0.002807,0.000017,0.005840,0
13,0.519622,0.646463,0,0.826531,0.062264,0.007790,0.103415,0
13,1.237896,0.905349,0,0.967112,0.025866,0.000183,0.006840,0
13,1.054525,0.961912,0,0.964906,0.020581,0.000303,0.014210,0
13,1.073459,1.325140,0,0.981634,0.004897,0.000067,0.013402,0
13,0.832560,0.413800,0,0.810586,0.154866,0.005542,0.029006,0
13,1.383691,1.124410,0,0.985099,0.010969,0.000043,0.003888,0
13,0.912684,0.708329,0,0.920542,0.054144,0.001406,0.023908,0
13,0.710180,0.750770,0,0.900159,0.044678,0.002608,0.052555,0
13,0.615804,0.795247,0,0.884765,0.036757,0.003130,0.075347,0
13,1.616143,1.053626,0,0.983903,0.014542,0.000023,0.001533,0
13,1.083416,1.034092,0,0.971525,0.015526,0.000204,0.012746,0
13,0.645234,0.921426,0,0.906880,0.022744,0.001722,0.068654,0
13,1.361349,1.425402,0,0.992387,0.003315,0.000014,0.004283,0
13,0.710155,0.213252,0,0.662514,0.282317,0.016484,0.038684,0
13,0.910343,0.511721,0,0.863007,0.111446,0.002922,0.022625,0
13,0.544463,0.826110,0,0.866428,0.031815,0.003604,0.098153,0
13,0.744360,-0.787268,1,0.039135,0.912409,0.046463,0.001993,1
13,1.134928,-1.124109,1,0.010909,0.978527,0.010447,0.000116,1
13,1.341706,-0.976398,1,0.019640,0.975713,0.004556,0.000092,1
13,1.113430,-0.548890,1,0.098998,0.889501,0.010350,0.001152,1
13,0.812702,-1.689785,1,0.001116,0.961587,0.037255,0.000043,1
13,0.797247,-0.770967,1,0.042045,0.918373,0.037849,0.001733,1
13,0.879157,-1.020799,1,0.016096,0.955061,0.028365,0.000478,1
13,0.807299,-1.003487,1,0.017066,0.944852,0.037406,0.000676,1
13,1.195618,-1.020344,1,0.016466,0.975228,0.008168,0.000138,1
13,1.119247,-1.187341,1,0.008486,0.980274,0.011143,0.000096,1
13,0.536628,-0.398528,1,0.151139,0.744203,0.086991,0.017667,1
13,1.682250,-1.346488,1,0.004554,0.994252,0.001189,0.000005,1
13,0.994368,-1.127654,1,0.010672,0.970939,0.018189,0.000200,1
13,1.366472,-1.323620,1,0.004973,0.990816,0.004190,0.000021,1
13,0.585778,-0.911308,1,0.023221,0.889164,0.085385,0.002230,1
13,0.296770,-1.456542,1,0.002253,0.763965,0.233094,0.000687,1
13,1.072405,-0.556984,1,0.095954,0.890521,0.012209,0.001316,1
13,0.709480,-1.455686,1,0.002788,0.941903,0.055146,0.000163,1
13,1.292078,-0.652554,1,0.068096,0.926242,0.005274,0.000388,1
13,0.635327,-1.151576,1,0.009168,0.917820,0.072291,0.000722,1
13,0.461268,-1.491675,1,0.002207,0.861340,0.136104,0.000349,1
13,1.496038,-0.700654,1,0.057039,0.940449,0.002368,0.000144,1
13,0.758554,-1.293046,1,0.005381,0.948715,0.045645,0.000259,1
13,0.729765,-0.541703,1,0.097507,0.851274,0.045956,0.005264,1
13,1.315995,-1.163668,1,0.009379,0.985473,0.005099,0.000049,1
13,-1.105515,-0.967751,0,0.000242,0.011625,0.967963,0.020170,0
13,-0.993529,-0.878398,0,0.000534,0.017915,0.953157,0.028394,0
13,-1.476168,-0.280608,0,0.000668,0.002052,0.752388,0.244893,0
13,-0.951587,-1.316676,0,0.000112,0.021634,0.973232,0.005022,0
13,-1.215383,-0.935414,0,0.000178,0.007501,0.969333,0.022988,0
13,-1.059133,-1.313606,0,0.000074,0.014178,0.980625,0.005123,0
13,-0.655395,-1.147933,0,0.000680,0.067082,0.922884,0.009354,0
13,-1.540065,-1.171483,0,0.000019,0.002088,0.988772,0.009121,0
13,-1.100627,-1.109134,0,0.000142,0.011957,0.976345,0.011557,0
13,-1.676025,-0.940757,0,0.000028,0.001197,0.976117,0.022659,0
13,-0.577194,-0.871057,0,0.002691,0.087708,0.882528,0.027074,0
13,-0.779709,-1.137832,0,0.000442,0.041895,0.947662,0.010001,0
13,-0.947868,-0.988643,0,0.000415,0.021650,0.959544,0.018391,0
13,-1.165894,-0.749213,0,0.000445,0.008900,0.943532,0.047124,0
13,-0.525954,-0.495606,0,0.013162,0.095564,0.783375,0.107898,0
13,-0.901417,-1.164705,0,0.000248,0.026202,0.964409,0.009140,0
13,-0.982586,-1.016948,0,0.000324,0.018935,0.964238,0.016503,0
13,-1.163130,-1.342499,0,0.000044,0.009404,0.985964,0.004589,0
13,-0.528885,-1.156864,0,0.001042,0.106553,0.883762,0.008643,0
13,-0.720851,-0.485466,0,0.006646,0.046334,0.828223,0.118797,0
13,-0.318585,-0.768763,0,0.009647,0.208868,0.746984,0.034501,0
13,-0.993413,-1.092204,0,0.000231,0.018227,0.969266,0.012277,0
13,-0.522642,-1.325787,0,0.000545,0.109472,0.885577,0.004407,0
13,-1.428230,-0.769136,0,0.000145,0.003147,0.952768,0.043940,0
13,-1.214072,-0.755271,0,0.000359,0.007360,0.946157,0.046124,0
13,-0.953221,0.746453,1,0.020569,0.001039,0.047032,0.931360,1
13,-0.728568,0.991273,1,0.050495,0.000958,0.017656,0.930892,1
13,-1.238630,0.732651,1,0.006647,0.000355,0.050307,0.942691,1
13,-1.246266,1.342932,1,0.006761,0.000031,0.004593,0.988614,1
13,-0.958617,1.599848,1,0.021121,0.000035,0.001625,0.977220,1
13,-1.047849,1.188034,1,0.014772,0.000128,0.008432,0.976668,1
13,-1.287242,0.712891,1,0.005457,0.000315,0.054285,0.939943,1
13,-0.966906,1.716809,1,0.020459,0.000021,0.001019,0.978501,1
13,-0.641121,1.107595,1,0.070618,0.000841,0.010929,0.917612,1
13,-1.182987,0.747927,1,0.008315,0.000417,0.047385,0.943883,1
13,-0.846252,0.795138,1,0.031460,0.001308,0.038597,0.928636,1
13,-1.634739,1.308098,1,0.001436,0.000008,0.005305,0.993251,1
13,-1.298441,0.925254,1,0.005387,0.000133,0.023970,0.970510,1
13,-1.429133,1.041559,1,0.003230,0.000050,0.015224,0.981496,1
13,-0.767383,1.221669,1,0.044049,0.000332,0.007158,0.948461,1
13,-1.038369,0.865454,1,0.014996,0.000470,0.029948,0.954585,1
13,-0.580310,0.819485,1,0.086131,0.003248,0.033088,0.877533,1
13,-1.265692,0.926466,1,0.006137,0.000151,0.023839,0.969873,1
13,-1.251801,0.969459,1,0.006510,0.000135,0.020141,0.973214,1
13,-1.033731,1.355297,1,0.015682,0.000069,0.004333,0.979915,1
13,-0.767784,0.481265,1,0.038673,0.005641,0.121657,0.834029,1
13,-1.098210,0.883137,1,0.011868,0.000347,0.028053,0.959732,1
13,-1.081731,0.773924,1,0.012472,0.000564,0.042721,0.944243,1
13,-0.586193,1.051639,1,0.086198,0.001284,0.013395,0.899123,1
13,-1.316222,0.442635,1,0.004395,0.000748,0.144727,0.850129,1
17,1.085342,1.043473,0,0.972185,0.014964,0.000195,0.012657,0
17,1.140397,0.734135,0,0.939807,0.049856,0.000521,0.009817,0
17,0.855135,1.157975,0,0.959003,0.009337,0.000305,0.031354,0
17,1.203609,0.849555,0,0.959863,0.032091,0.000260,0.007786,0
17,0.565943,0.510419,0,0.801755,0.104076,0.010820,0.083349,0
17,1.189473,0.816328,0,0.955022,0.036468,0.000313,0.008198,0
17,1.146184,0.994792,0,0.971724,0.018172,0.000185,0.009918,0
17,1.139136,1.476175,0,0.986920,0.002691,0.000028,0.010361,0
17,1.229142,0.394997,0,0.823174,0.169555,0.001242,0.006029,0
17,1.026446,1.365855,0,0.979637,0.004153,0.000068,0.016142,0
17,1.140546,1.019004,0,0.973149,0.016519,0.000172,0.010159,0
17,1.379393,1.463695,0,0.993154,0.002847,0.000011,0.003988,0
17,0.548957,1.146032,0,0.890777,0.009097,0.001012,0.099113,0
17,1.606661,1.239758,0,0.991425,0.006960,0.000011,0.001604,0
17,0.497994,1.648831,0,0.878751,0.001201,0.000164,0.119884,0
17,1.214152,1.229149,0,0.985069,0.007215,0.000056,0.007661,0
17,1.558743,0.926010,0,0.974059,0.023985,0.000047,0.001909,0
17,1.093571,0.544180,0,0.886966,0.100594,0.001267,0.011173,0
17,1.271355,0.428202,0,0.841991,0.151861,0.000939,0.005209,0
17,1.224101,0.611887,0,0.913555,0.079027,0.000591,0.006827,0
17,1.202027,0.655797,0,0.924790,0.067113,0.000548,0.007549,0
17,1.009725,0.923484,0,0.958838,0.023850,0.000420,0.016892,0
17,0.632180,1.224675,0,0.919276,0.006854,0.000547,0.073322,0
17,0.978475,1.040456,0,0.965388,0.015040,0.000300,0.019272,0
17,0.618247,1.047353,0,0.908459,0.013768,0.001161,0.076613,0
17,1.170102,-1.458331,1,0.002893,0.987917,0.009163,0.000027,1
17,0.884622,-0.592422,1,0.083099,0.888664,0.025822,0.002415,1
17,0.964624,-1.014172,1,0.016660,0.962676,0.020312,0.000352,1
17,0.855085,-0.662568,1,0.063883,0.904451,0.029577,0.002089,1
17,1.070873,-1.077537,1,0.013073,0.973320,0.013426,0.000180,1
17,1.374726,-0.615061,1,0.078372,0.917553,0.003754,0.000321,1
17,0.944017,-1.117844,1,0.011049,0.966551,0.022146,0.000253,1
17,0.499787,-1.357502,1,0.003843,0.876864,0.118772,0.000521,1
17,1.329494,-0.881086,1,0.028488,0.966633,0.004739,0.000140,1
17,0.973095,-1.425538,1,0.003261,0.976750,0.019923,0.000067,1
17,0.698372,-1.044269,1,0.014240,0.928083,0.056806,0.000872,1
17,1.106471,-0.852044,1,0.031662,0.956516,0.011443,0.000379,1
17,1.283986,-0.554676,1,0.097510,0.896643,0.005274,0.000574,1
17,0.734558,-0.888331,1,0.026433,0.923272,0.048896,0.001400,1
17,0.753759,-0.797329,1,0.037720,0.915529,0.044901,0.001850,1
17,0.302785,-0.650284,1,0.053215,0.717285,0.213649,0.015850,1
17,1.132865,-0.964466,1,0.020456,0.968893,0.010430,0.000220,1
17,0.898110,-0.984010,1,0.018638,0.954568,0.026280,0.000513,1
17,1.310124,-0.941101,1,0.022537,0.972193,0.005150,0.000119,1
17,0.386011,-0.650376,1,0.056894,0.767158,0.163800,0.012148,1
17,0.877252,-0.784030,1,0.040432,0.930511,0.027847,0.001210,1
17,1.191513,-1.278275,1,0.005931,0.985627,0.008392,0.000050,1
17,0.380389,-1.222476,1,0.006128,0.814640,0.177894,0.001338,1
17,1.255783,-1.142947,1,0.010167,0.983292,0.006474,0.000067,1
17,0.886502,-1.486141,1,0.002540,0.969429,0.027958,0.000073,1
17,-0.768635,-1.364397,0,0.000188,0.043982,0.951772,0.004058,0
17,-0.927824,-1.048863,0,0.000354,0.023508,0.961651,0.014486,0
17,-0.873684,-0.970557,0,0.000595,0.028868,0.950944,0.019594,0
17,-0.644279,-0.888164,0,0.001967,0.068659,0.903491,0.025884,0
17,-1.177158,-0.624950,0,0.000678,0.008259,0.915869,0.075194,0
17,-1.168652,-1.049501,0,0.000137,0.009106,0.976091,0.014666,0
17,-1.230468,-1.214511,0,0.000056,0.007177,0.985117,0.007650,0
17,-0.566024,-1.167207,0,0.000875,0.093265,0.897439,0.008421,0
17,-0.778078,-0.781727,0,0.001790,0.040813,0.917177,0.040221,0
17,-1.437417,-1.084945,0,0.000041,0.003133,0.983996,0.012831,0
17,-1.069075,-1.015692,0,0.000232,0.013472,0.969618,0.016679,0
17,-1.100216,-1.206477,0,0.000096,0.012022,0.980023,0.007859,0
17,-0.550007,-0.320414,0,0.021672,0.078076,0.704656,0.195596,0
17,-1.088490,-0.675543,0,0.000798,0.011895,0.925260,0.062048,0
17,-0.914459,-1.182999,0,0.000220,0.024920,0.966348,0.008512,0
17,-0.846876,-0.726528,0,0.001695,0.030993,0.917154,0.050157,0
17,-0.968220,-0.727652,0,0.001052,0.019323,0.929046,0.050580,0
17,-1.222097,-0.908252,0,0.000193,0.007285,0.966960,0.025563,0
17,-0.774883,-1.113433,0,0.000496,0.042631,0.945868,0.011005,0
17,-1.046094,-0.848605,0,0.000487,0.014516,0.953014,0.031983,0
17,-1.306094,-0.903857,0,0.000140,0.005215,0.968585,0.026060,0
17,-1.151687,-0.561703,0,0.000945,0.008940,0.895435,0.094680,0
17,-1.355389,-0.999386,0,0.000079,0.004321,0.977649,0.017950,0
17,-1.336287,-1.275760,0,0.000029,0.004720,0.989239,0.006013,0
17,-0.582142,-1.535883,0,0.000190,0.088594,0.909263,0.001952,0
17,-0.458595,0.934677,1,0.134518,0.003199,0.020033,0.842250,1
17,-0.920518,1.259151,1,0.024394,0.000158,0.006295,0.969152,1
17,-0.769864,1.489859,1,0.043849,0.000113,0.002462,0.953576,1
17,-0.728518,0.664847,1,0.048096,0.003366,0.062046,0.886491,1
17,-1.014658,0.894391,1,0.016518,0.000462,0.026723,0.956298,1
17,-0.170424,1.189711,1,0.333027,0.002856,0.005647,0.658470,1
17,-1.078887,0.355440,1,0.010621,0.002563,0.191823,0.794993,1
17,-1.039343,1.592642,1,0.015381,0.000026,0.001682,0.982911,1
17,-0.694999,1.218125,1,0.057971,0.000444,0.007152,0.934433,1
17,-1.150337,0.859997,1,0.009630,0.000309,0.030760,0.959301,1
17,-0.794362,1.381865,1,0.039865,0.000159,0.003802,0.956175,1
17,-1.268266,0.468968,1,0.005397,0.000827,0.132037,0.861739,1
17,-1.101748,0.947814,1,0.011779,0.000266,0.021803,0.966152,1
17,-1.215930,1.119196,1,0.007576,0.000086,0.011156,0.981182,1
17,-0.937473,1.385740,1,0.022890,0.000090,0.003810,0.973210,1
17,-0.807362,0.839450,1,0.036792,0.001281,0.032360,0.929568,1
17,-0.918194,1.207125,1,0.024580,0.000197,0.007738,0.967485,1
17,-1.022485,1.145131,1,0.016298,0.000167,0.009978,0.973557,1
17,-1.056501,0.886961,1,0.013997,0.000403,0.027578,0.958022,1
17,-1.243622,0.796842,1,0.006592,0.000272,0.039372,0.953764,1
17,-1.182449,0.686459,1,0.008223,0.000528,0.059794,0.931454,1
17,-1.292109,0.295942,1,0.004334,0.001327,0.233049,0.761290,1
17,-0.857004,0.818046,1,0.030283,0.001148,0.035389,0.933179,1
17,-0.916682,0.851578,1,0.024123,0.000800,0.031299,0.943778,1
17,-1.042528,1.139265,1,0.015057,0.000158,0.010226,0.974559,1
19,1.129605,0.742033,0,0.940852,0.048359,0.000527,0.010261,0
19,1.208030,0.588172,0,0.905928,0.086166,0.000687,0.007220,0
19,1.400964,0.605417,0,0.915094,0.081236,0.000299,0.003371,0
19,0.833076,0.815836,0,0.929941,0.035580,0.001271,0.033209,0
19,1.362774,1.107783,0,0.984016,0.011711,0.000050,0.004223,0
19,1.159231,1.168025,0,0.981228,0.009177,0.000089,0.009506,0
19,1.382055,0.714852,0,0.942060,0.053983,0.000214,0.003743,0
19,1.241520,0.964123,0,0.972517,0.020561,0.000143,0.006779,0
19,1.291314,1.140264,0,0.984037,0.010284,0.000059,0.005620,0
19,1.452642,1.210896,0,0.989219,0.007794,0.000023,0.002963,0
19,1.209944,0.916829,0,0.967440,0.024713,0.000195,0.007651,0
19,1.163737,0.912507,0,0.965482,0.025093,0.000239,0.009186,0
19,1.228201,0.902943,0,0.966600,0.026102,0.000192,0.007106,0
19,0.844850,1.140099,0,0.957046,0.010009,0.000341,0.032604,0
19,1.523384,1.177194,0,0.988833,0.008915,0.000020,0.002232,0
19,1.134336,0.786459,0,0.948593,0.040819,0.000437,0.010152,0
19,0.787882,0.901271,0,0.933589,0.025380,0.001086,0.039945,0
19,1.360835,1.001113,0,0.977863,0.017831,0.000077,0.004229,0
19,1.026110,0.862319,0,0.953478,0.030291,0.000500,0.015732,0
19,0.991926,0.905835,0,0.955918,0.025517,0.000483,0.018083,0
19,1.178232,1.356150,0,0.986753,0.004348,0.000039,0.008860,0
19,1.455544,0.986359,0,0.978128,0.018920,0.000056,0.002896,0
19,1.132027,1.241046,0,0.982453,0.006861,0.000074,0.010612,0
19,0.400907,1.068020,0,0.821069,0.011456,0.002305,0.165170,0
19,0.925911,0.896999,0,0.949696,0.026263,0.000647,0.023394,0
19,1.306977,-1.155995,1,0.009666,0.984997,0.005284,0.000052,1
19,1.094358,-0.162347,1,0.338872,0.648726,0.008146,0.004255,1
19,1.070681,-1.554759,1,0.001960,0.984423,0.013590,0.000027,1
19,1.333322,-1.112821,1,0.011474,0.983721,0.004750,0.000055,1
19,1.116775,-1.007314,1,0.017278,0.971371,0.011152,0.000198,1
19,0.833145,-1.000685,1,0.017320,0.948210,0.033852,0.000618,1
19,1.430718,-1.375048,1,0.004056,0.992684,0.003246,0.000013,1
19,1.781586,-0.933340,1,0.023335,0.975862,0.000784,0.000019,1
19,0.990578,-0.952384,1,0.021274,0.960062,0.018260,0.000405,1
19,0.635027,-0.511789,1,0.105982,0.820924,0.064736,0.008358,1
19,1.308428,-0.548703,1,0.099686,0.895009,0.004774,0.000532,1
19,0.655554,-1.123828,1,0.010290,0.921987,0.066975,0.000748,1
19,1.477097,-0.973453,1,0.019907,0.977384,0.002655,0.000054,1
19,0.778794,-1.137111,1,0.010028,0.947487,0.042041,0.000445,1
19,0.799172,-1.062277,1,0.013523,0.947186,0.038738,0.000553,1
19,1.071532,-0.796467,1,0.039162,0.947266,0.013033,0.000539,1
19,1.116830,-1.109228,1,0.011561,0.977091,0.011215,0.000133,1
19,0.564540,-0.741553,1,0.044340,0.861012,0.090012,0.004635,1
19,1.254621,-1.204755,1,0.007957,0.985472,0.006518,0.000053,1
19,0.493360,-0.986362,1,0.016660,0.861320,0.119704,0.002315,1
19,1.022670,-1.087753,1,0.012520,0.971027,0.016243,0.000209,1
19,1.219537,-1.124564,1,0.010923,0.981524,0.007470,0.000083,1
19,0.822581,-0.746574,1,0.046324,0.917772,0.034179,0.001725,1
19,0.976585,-1.536100,1,0.002099,0.978184,0.019675,0.000042,1
19,0.721352,-0.837582,1,0.032093,0.915028,0.051088,0.001792,1
19,-0.759474,-0.777540,0,0.001953,0.043790,0.913520,0.040737,0
19,-1.425840,-1.252927,0,0.000022,0.003302,0.990083,0.006593,0
19,-1.234268,-0.940433,0,0.000162,0.006963,0.970322,0.022554,0
19,-1.303807,-1.159454,0,0.000052,0.005352,0.985062,0.009534,0
19,-1.218416,-1.026744,0,0.000123,0.007464,0.976345,0.016068,0
19,-1.196036,-1.118820,0,0.000093,0.008199,0.980543,0.011165,0
19,-0.873592,-1.002984,0,0.000524,0.028949,0.953274,0.017253,0
19,-0.780870,-0.628965,0,0.003151,0.038998,0.886248,0.071603,0
19,-1.276656,-1.454616,0,0.000018,0.006002,0.991034,0.002946,0
19,-1.134595,-1.170096,0,0.000097,0.010480,0.980329,0.009093,0
19,-0.939418,-1.220623,0,0.000172,0.022634,0.969845,0.007350,0
19,-1.191576,-1.230825,0,0.000061,0.008379,0.984398,0.007162,0
19,-1.450693,-0.492429,0,0.000368,0.002642,0.874939,0.122051,0
19,-0.799106,-0.732635,0,0.001991,0.037309,0.912026,0.048673,0
19,-1.377333,-1.318180,0,0.000021,0.004012,0.990885,0.005083,0
19,-0.961494,-0.927166,0,0.000500,0.020418,0.955658,0.023423,0
19,-0.998541,-1.264061,0,0.000114,0.017975,0.975696,0.006215,0
19,-1.043556,-0.968738,0,0.000308,0.014846,0.964821,0.020025,0
19,-0.830724,-1.320524,0,0.000176,0.034618,0.960326,0.004880,0
19,-0.897515,-1.448960,0,0.000081,0.026774,0.970195,0.002950,0
19,-0.564301,-1.043256,0,0.001437,0.093293,0.891535,0.013735,0
19,-1.209213,-0.888569,0,0.000219,0.007651,0.964543,0.027588,0
19,-1.281403,-1.252885,0,0.000039,0.005868,0.987515,0.006577,0
19,-1.117110,-1.178954,0,0.000101,0.011235,0.979892,0.008773,0
19,-0.945810,-0.552234,0,0.002201,0.020042,0.881007,0.096750,0
19,-0.952343,1.017949,1,0.021318,0.000363,0.016398,0.961921,1
19,-0.790591,0.495301,1,0.035686,0.004921,0.116270,0.843124,1
19,-0.506271,0.991885,1,0.114429,0.002165,0.016404,0.867002,1
19,-1.215907,0.982164,1,0.007515,0.000148,0.019143,0.973194,1
19,-0.546888,1.155475,1,0.099892,0.000982,0.008756,0.890370,1
19,-1.224589,0.508613,1,0.006548,0.000856,0.114777,0.877820,1
19,-0.766372,0.737705,1,0.042339,0.002214,0.047483,0.907963,1
19,-1.151605,0.657623,1,0.009224,0.000665,0.066537,0.923574,1
19,-1.185587,1.138118,1,0.008553,0.000090,0.010341,0.981016,1
19,-1.587150,1.223169,1,0.001733,0.000013,0.007432,0.990821,1
19,-0.855338,1.164396,1,0.031337,0.000297,0.009103,0.959262,1
19,-1.236015,0.714381,1,0.006691,0.000384,0.053910,0.939015,1
19,-0.569370,0.543388,1,0.083505,0.009501,0.092650,0.814344,1
19,-0.644173,1.165579,1,0.069993,0.000661,0.008695,0.920651,1
19,-1.636255,1.007374,1,0.001410,0.000025,0.017448,0.981117,1
19,-1.451847,0.952367,1,0.002931,0.000065,0.021615,0.975389,1
19,-0.374534,0.441672,1,0.156037,0.026667,0.119288,0.698008,1
19,-1.069226,0.697776,1,0.012904,0.000792,0.057015,0.929289,1
19,-1.496561,1.439257,1,0.002499,0.000008,0.003143,0.994351,1
19,-0.995903,0.671470,1,0.017112,0.001166,0.062645,0.919077,1
19,-0.822713,0.890021,1,0.034894,0.000992,0.026658,0.937456,1
19,-1.142494,1.051753,1,0.010102,0.000150,0.014522,0.975226,1
19,-1.253789,0.427354,1,0.005583,0.001010,0.152229,0.841178,1
19,-0.655410,0.743033,1,0.064459,0.003300,0.045401,0.886840,1
19,-1.340703,1.318778,1,0.004642,0.000024,0.005068,0.990267,1
23,0.901530,1.193234,0,0.965398,0.008163,0.000222,0.026217,0
23,0.948430,0.060990,0,0.548345,0.429639,0.009672,0.012344,0
23,1.566097,1.230617,0,0.990886,0.007215,0.000014,0.001886,0
23,1.444235,1.389037,0,0.993075,0.003837,0.000012,0.003077,0
23,1.338501,0.888666,0,0.967628,0.027665,0.000131,0.004576,0
23,1.109010,0.982866,0,0.969283,0.019012,0.000225,0.011479,0
23,0.865287,1.206937,0,0.961863,0.007699,0.000242,0.030196,0
23,0.656149,0.968313,0,0.913437,0.018991,0.001376,0.066196,0
23,0.443422,1.301748,0,0.850258,0.004658,0.000790,0.144294,0
23,0.628422,1.322741,0,0.920460,0.004636,0.000375,0.074529,0
23,0.920195,1.112571,0,0.964159,0.011257,0.000284,0.024300,0
23,0.820884,1.098394,0,0.952095,0.011765,0.000441,0.035699,0
23,1.121529,0.685077,0,0.928900,0.059961,0.000675,0.010463,0
23,0.886539,0.926972,0,0.948702,0.023271,0.000671,0.027356,0
23,1.219872,0.828983,0,0.957692,0.034764,0.000264,0.007279,0
23,0.749537,1.299697,0,0.947258,0.005232,0.000261,0.047249,0
23,0.536260,1.378704,0,0.891614,0.003590,0.000420,0.104375,0
23,0.844677,0.894947,0,0.940801,0.026231,0.000894,0.032073,0
23,0.761657,1.002461,0,0.937632,0.017005,0.000808,0.044555,0
23,0.620435,0.587762,0,0.842580,0.080272,0.006711,0.070438,0
23,1.214550,1.711293,0,0.991240,0.001055,0.000008,0.007696,0
23,0.808738,0.976982,0,0.943187,0.018941,0.000746,0.037126,0
23,0.558514,1.074384,0,0.891145,0.012121,0.001298,0.095435,0
23,1.315467,0.942752,0,0.972447,0.022394,0.000116,0.005043,0
23,0.595617,1.349872,0,0.911362,0.004118,0.000380,0.084139,0
23,0.988167,-1.018191,1,0.016430,0.964729,0.018526,0.000316,1
23,1.057891,-0.819844,1,0.035766,0.949913,0.013802,0.000520,1
23,0.988086,-0.925205,1,0.023653,0.957499,0.018393,0.000454,1
23,0.887785,-0.784061,1,0.040475,0.931633,0.026730,0.001161,1
23,0.854004,-1.130230,1,0.010420,0.957782,0.031456,0.000342,1
23,0.629907,-0.942367,1,0.020865,0.904642,0.072814,0.001679,1
23,1.181761,-0.827992,1,0.034854,0.956371,0.008466,0.000309,1
23,1.428812,-1.399839,1,0.003674,0.993041,0.003272,0.000012,1
23,1.417796,-1.220796,1,0.007490,0.989078,0.003406,0.000026,1
23,1.067329,-1.258479,1,0.006382,0.979820,0.013709,0.000089,1
23,1.451998,-1.380024,1,0.003978,0.993028,0.002983,0.000012,1
23,1.439104,-0.764069,1,0.044806,0.952042,0.003011,0.000142,1
23,0.952672,-1.030608,1,0.015601,0.962745,0.021308,0.000345,1
23,0.780607,-0.720269,1,0.050857,0.906952,0.039951,0.002240,1
23,0.705963,-1.450556,1,0.002843,0.941108,0.055880,0.000169,1
23,0.748824,-1.002306,1,0.016975,0.935386,0.046790,0.000849,1
23,1.331341,-1.156667,1,0.009646,0.985511,0.004796,0.000047,1
23,0.875506,-0.988413,1,0.018273,0.952473,0.028704,0.000551,1
23,1.076459,-1.127432,1,0.010737,0.975953,0.013165,0.000145,1
23,0.940254,-0.594884,1,0.082820,0.894449,0.020805,0.001926,1
23,1.027718,-1.098162,1,0.012020,0.971851,0.015932,0.000197,1
23,1.157130,-1.285849,1,0.005748,0.984577,0.009619,0.000056,1
23,1.036624,-0.977317,1,0.019355,0.965072,0.015267,0.000306,1
23,0.848434,-1.050200,1,0.014283,0.953225,0.032012,0.000480,1
23,0.578349,-0.882419,1,0.025916,0.884065,0.087456,0.002564,1
23,-0.944468,-0.415375,0,0.003568,0.018792,0.821647,0.155993,0
23,-0.693893,-0.817356,0,0.002149,0.056510,0.906855,0.034486,0
23,-0.966491,-1.274732,0,0.000124,0.020389,0.973545,0.005942,0
23,-0.872179,-1.212961,0,0.000230,0.029405,0.962841,0.007524,0
23,-1.100593,-1.100075,0,0.000147,0.011953,0.975922,0.011978,0
23,-0.645718,-0.980645,0,0.001363,0.068886,0.911708,0.018043,0
23,-0.900846,-1.580389,0,0.000048,0.026462,0.971744,0.001746,0
23,-0.711212,-1.022736,0,0.000904,0.054045,0.929507,0.015545,0
23,-0.991508,-1.182534,0,0.000163,0.018433,0.972819,0.008585,0
23,-0.952320,-1.065670,0,0.000301,0.021382,0.964729,0.013588,0
23,-0.861025,-0.750647,0,0.001464,0.029481,0.923210,0.045845,0
23,-0.986732,-1.538488,0,0.000040,0.018908,0.978972,0.002080,0
23,-0.912024,-0.935256,0,0.000588,0.024791,0.952029,0.022591,0
23,-1.376219,-1.076951,0,0.000054,0.003997,0.982719,0.013230,0
23,-0.949357,-0.742473,0,0.001071,0.020866,0.930329,0.047734,0
23,-0.785247,-0.768314,0,0.001833,0.039615,0.916161,0.042391,0
23,-0.654834,-0.649121,0,0.004710,0.063194,0.867441,0.064655,0
23,-0.577821,-1.390371,0,0.000345,0.089847,0.906324,0.003483,0
23,-1.058770,-0.927876,0,0.000340,0.013932,0.962211,0.023517,0
23,-0.835724,-0.717198,0,0.001833,0.032295,0.913987,0.051885,0
23,-0.950074,-0.972037,0,0.000439,0.021436,0.958492,0.019633,0
23,-0.992322,-0.595267,0,0.001569,0.016968,0.898404,0.083059,0
23,-0.645956,-0.959177,0,0.001482,0.068705,0.910186,0.019628,0
23,-1.369542,-1.516741,0,0.000010,0.004150,0.993537,0.002303,0
23,-1.026184,-1.081016,0,0.000212,0.016015,0.970913,0.012861,0
23,-0.598426,0.850157,1,0.080954,0.002700,0.029576,0.886770,1
23,-1.162780,1.051275,1,0.009321,0.000139,0.014561,0.975979,1
23,-0.714885,0.954814,1,0.053027,0.001164,0.020309,0.925500,1
23,-1.375561,0.554025,1,0.003662,0.000399,0.097915,0.898024,1
23,-0.823787,0.950695,1,0.034958,0.000780,0.021042,0.943220,1
23,-0.930817,1.537911,1,0.023535,0.000050,0.002075,0.974339,1
23,-1.180744,1.424469,1,0.008781,0.000029,0.003312,0.987877,1
23,-0.777029,1.293132,1,0.042533,0.000241,0.005397,0.951829,1
23,-0.967095,0.752019,1,0.019502,0.000963,0.046099,0.933436,1
23,-1.400093,0.887206,1,0.003580,0.000103,0.027852,0.968466,1
23,-0.781154,1.035484,1,0.041445,0.000659,0.014985,0.942912,1
23,-0.799672,1.385476,1,0.039062,0.000153,0.003751,0.957034,1
23,-1.252728,1.048678,1,0.006522,0.000098,0.014753,0.978626,1
23,-0.627957,1.310286,1,0.074638,0.000395,0.004871,0.920096,1
23,-0.360336,0.913073,1,0.186501,0.004836,0.020440,0.788223,1
23,-1.227326,1.194296,1,0.007262,0.000061,0.008288,0.984388,1
23,-1.218648,0.888064,1,0.007369,0.000211,0.027650,0.964769,1
23,-1.128040,0.573424,1,0.009861,0.000995,0.090652,0.898493,1
23,-1.237701,0.643223,1,0.006530,0.000498,0.070405,0.922567,1
23,-1.225617,0.584160,1,0.006724,0.000650,0.087484,0.905143,1
23,-1.029698,1.015638,1,0.015733,0.000271,0.016643,0.967353,1
23,-0.748882,1.361865,1,0.047424,0.000204,0.004084,0.948287,1
23,-1.421677,0.903622,1,0.003291,0.000089,0.026136,0.970485,1
23,-1.439919,1.330858,1,0.003127,0.000015,0.004837,0.992021,1
23,-1.193638,1.335654,1,0.008331,0.000040,0.004721,0.986908,1
